taxon,000001879.1076223,000002437.1076448,000003369.1076434,000005954.1076427,000004652.1076357,000001827.1076437,000002276.1076156,000004281.1076377,000001520.1076266,000001042.1076459,000004612.1076352,000005799.1076278,000003337.1076412,000002347.1076425,000002475.1076473,000004881.1076347,000002346.1076208,000005834.1076478,000002180.1076396,000002578.1076195,000003442.1076242,000004759.1076327,000005824.1076392,000003319.1076458,000005916.1076402,000005884.1076431,000004654.1076358,000004807.1076183,000003895.1076443,000001263.1076271,000002114.1076296,000003221.1076157,000002709.1076342,000002752.1076382,000003279.1076292,000002651.1076282,000001616.1076171,000004738.1076259,000001529.1076281,000004818.1076391,000004951.1076295,000004660.1076468,000002851.1076309,000001911.1076144,000005360.1076245,000003220.1076239,000005554.1076439,000004670.1076158,000003086.1076455,000004694.1076305,000002465.1076284,000001570.1076416,000004952.1076199,000004872.1076287,000001887.1076214,000003757.1076203,000005648.1076376,000002652.1076263,000001255.1076444,000002043.1076297,000005033.1076435,000005776.1076333,000003370.1076149,000002132.1076332,000001111.1076323,000001892.1076265,000003002.1076454,000005085.1076193,000005784.1076227,000001922.1076319,000002784.1076182,000003475.1076147,000004163.1076174,000003798.1076388,000002906.1076335,000004737.1076217,000004833.1076385,000004979.1076191,000002064.1076346,000005039.1076228,000001939.1076169,000001384.1076438,000004860.1076235,000001203.1076359,000002050.1076426,000001253.1076218,000004890.1076329,000001328.1076289,000005016.1076421,000001072.1076364,000002783.1076422,000001193.1076477,000008957.1076366,000005073.1076469,000001286.1076166,000002817.1076249,000002345.1076192,000002905.1076298,000002287.1076236,000004714.1076253,000001374.1076462,000001026.1076452,000004707.1076222,000005576.1076167,000004797.1076177,000005163.1076142,000002715.1076224,000002073.1076324,000004677.1076202,000004847.1076145,000002208.1076206,000001684.1076429,000001966.1076441,000004781.1076272,000003125.1076414,000004691.1076159,000002818.1076355,000002334.1076229,000005653.1076283,000004752.1076466,000005811.1076419,000003171.1076314,000001499.1076418,000001492.1076464,000008950.1076198,000003713.1076336,000008954.1076321,000003222.1076413,000002036.1076165,000002980.1076308,000002971.1076211,000004917.1076276,000002590.1076161,000003023.1076351,000002589.1076365,000004758.1076374,000003001.1076398,000004686.1076302,000005015.1076318,000005910.1076232,000008950.1076415,000005902.1076268,000008949.1076209,000005849.1076251,000005655.1076197,000002995.1076143,000004735.1076261,000008954.1076453,000002972.1076373,000003082.1076433,000004736.1076315,000008952.1076175,000005238.1076291,000003794.1076403,000008951.1076146,000004831.1076322,000008952.1076326,000001209.1076406,000004819.1076407,000002403.1076244,000008949.1076233,000004980.1076442,000005068.1076383,000002577.1076258,000003602.1076179,000001281.1076476,000004796.1076168,000004145.1076463,000003797.1076344,000001267.1076341,000005571.1076389,000001244.1076467,000002384.1076153,000002734.1076312,000005840.1076354,000001647.1076299,000001594.1076395,000004812.1076384,000003387.1076286,000002716.1076334,000004915.1076343,000001073.1076273,000005660.1076378,000005780.1076196,000005433.1076267,000001940.1076285,000004730.1076349,000001960.1076155,000002996.1076141,000002503.1076368,000001509.1076139,000003796.1076381,000004830.1076138,000004640.1076225,000003793.1076234,000004636.1076424,000003240.1076241,000001765.1076173,000004864.1076238,000003900.1076303,000002710.1076275,000003795.1076262,000001347.1076248,000001779.1076243,000001423.1076221,000005903.1076379,000003473.1076353,000004699.1076394,000001908.1076338,000002404.1076256,000004823.1076277,000003476.1076215,000003022.1076269,000002713.1076226,000001861.1076339,000004822.1076432,000005037.1076397,000001919.1076369,000004656.1076279,000003149.1076181,000005223.1076401,000002414.1076151,000004616.1076325,000004667.1076264,000005035.1076188,000001934.1076306,000005938.1076475,000005293.1076162,000001676.1076404,000001568.1076176,000005036.1076255,000001572.1076205,000005032.1076246,000001782.1076436,000005841.1076304,000001205.1076316,000004773.1076185,000002979.1076405,000004731.1076409,000002765.1076417,000002655.1076212,000004642.1076446,000004858.1076164,000004697.1076252,000003150.1076411,000004783.1076472,000003024.1076348,000002389.1076456,000005792.1076331,000004641.1076399,000001252.1076247,000001332.1076408,000001558.1076184,000001331.1076387,000005945.1076471,000002337.1076451,000002177.1076288,000001084.1076216,000005756.1076293,000002656.1076186,000001582.1076447
326792,0,0,2,1,61,248,208,1169,150,20,2,3,1,2,0,5,2,0,592,3,983,0,98,0,281,48,419,8,13,3,0,188,2,1,31,6,105,948,573,28,916,29,95,322,182,449,83,1286,4,10,337,243,1292,31,24,634,11,13,6,11,126,197,551,26,966,91,37,47,1400,206,38,114,1125,2027,17,13,1200,142,345,711,142,184,423,3,27,1,17,1,714,881,227,1075,767,232,56,1300,74,33,90,0,1357,226,942,2000,227,129,105,278,1072,126,0,618,346,55,6,146,197,99,85,433,2,2,3,17,5179,2607,1050,1485,330,542,72,3730,1294,832,1884,38,205,325,133,140,5578,391,205,464,663,16,222,1883,875,55,227,269,132,32,292,10,323,32,402,107,99,12,102,22,602,128,46,43,347,828,391,6,61,174,295,629,43,13,111,103,160,75,356,8,146,408,44,80,385,115,87,84,10,23,11,15,47,53,3,23,310,277,164,45,50,44,89,33,54,29,22,17,82,24,42,31,27,7,5,2,27,2,3,8,14,1,8,26,3,9,8,2,2,5,6,1,2,6,2,1,1,1,1,2,3,1,0,0,0,0,0,0,0,0,0,0,0,0,0,0,0
181016,124,0,0,2,21,0,47,325,950,0,60,1,1207,50,43,1,0,811,1,195,4,0,113,1,2,22,751,58,0,0,0,91,3,10,0,12,738,0,155,0,39,115,60,0,790,0,0,709,1,0,1,704,0,1,508,1,15,0,39,9,0,5644,0,793,50,713,4,200,1165,0,1,102,0,1,64,0,2,60,2749,1,8,1,3,71,2727,0,0,0,40,8,108,1,400,43,0,1,0,0,244,6,0,138,173,467,20,2,951,6,0,1,189,3,0,3,31,0,0,1,1,1,11,6,0,11,0,0,124,107,0,104,0,0,0,27,17,0,0,8,0,0,0,1,2,0,34,0,1,166,251,1,2,0,229,1,0,0,0,0,0,198,0,0,0,1,312,279,0,0,116,710,0,29,0,0,3,0,0,247,0,1165,0,1,0,49,0,0,106,112,129,0,1,0,9,0,0,14,56,0,0,1,876,0,0,136,157,0,245,1,0,2,0,12,1,0,3,5,1,0,67,0,432,0,5,0,0,249,27,1,3,0,1,1,0,77,40,0,1,73,0,14,1412,58,0,4,4,0,51,1,0,0,1,0,2,98,1,3,0,0,49,50,0
191687,0,0,134,1,0,12,61,145,80,84,15,0,1,0,0,165,17,0,0,332,125,34,1,0,1716,209,5,23,145,157,158,46,4,108,300,145,2,1,237,21,79,14,20,700,55,0,894,29,9,11,10,42,25,0,65,24,39,89,127,23,39,88,39,0,9,14,11,11,554,8,47,547,106,142,33,165,12,34,208,0,49,39,97,29,0,9,13,24,56,153,22,59,51,65,73,256,0,30,38,5,5,157,172,285,24,68,27,33,49,170,3,327,18,48,32,3,104,143,128,9,589,24,28,44,1,0,50,0,111,96,46,662,49,45,410,795,74,25,556,0,0,83,15,122,39,198,62,49,385,77,150,0,287,98,25,36,0,87,52,124,22,13,201,30,164,2,7,6,78,33,21,1,11,1,310,120,0,2,0,26,342,12,0,0,0,471,252,67,84,25,572,60,24,41,40,7,61,216,24,115,69,22,227,10,64,9,178,59,99,860,24,36,255,26,27,20,4,67,4,128,3,3,0,10,2,745,50,11,23,1,1,10,3,23,8,0,5,2,245,144,15,6,1,28,12,47,32,0,31,34,0,0,68,0,90,0,14,1,4,13,3
326977,0,2,0,2,1,0,1,1,28,0,61,9,0,197,0,2,0,3,2,1,0,0,0,0,0,77,0,2,55,427,2,33,2,0,84,0,0,1,0,94,0,0,0,2,0,0,1,1,5,3,73,1,0,1,0,0,1,173,1,4,140,1,19,0,21,0,0,302,0,6,22,1,1071,166,1,1,144,3,1,1,107,0,6,49,10,267,1,11,198,6,3,369,114,0,3,945,0,45,614,44,0,587,12,1543,30,4,0,230,1297,110,1,405,25,2,53,27,433,328,107,167,1743,68,0,957,1,53,150,263,51,1,1,596,295,5,72,1475,1,0,1869,56,1,144,35,1,744,1093,396,248,986,827,0,39,1,410,42,117,25,27,0,4,52,31,1,6,1,218,0,2,89,1,2157,12,5,0,292,12,0,2,141,1,1077,1,3,0,6,1639,612,1,140,1,806,226,42,1,108,358,2,2,285,141,1,59,1,1,0,3,0,8,780,4981,1,0,109,0,2,103,88,1155,8,167,0,2,0,2,59,2,0,20,52,2,5,22,14,22,2,783,0,1,65,83,2,1,0,0,780,0,183,3,14,1,27,2,0,12,1,1,2426,116,656,1,1
194648,0,111,23,0,5,52,47,463,151,759,340,0,75,184,1,0,9,242,634,803,124,1,0,344,435,196,122,14,89,82,11,549,16,129,3,188,110,77,197,28,81,4,171,105,27,373,125,255,0,26,22,29,114,99,47,68,35,143,24,9,2,30,39,92,2,68,5,25,118,5,47,151,163,251,11,92,58,141,1885,43,33,16,62,36,150,2,221,119,17,150,9,156,270,277,37,711,56,78,97,0,7,361,185,51,44,24,45,111,57,43,16,301,64,13,58,111,137,860,35,4,1699,50,0,40,45,1013,144,175,8,108,40,281,110,75,562,34,8,59,173,102,52,11,30,249,146,18,397,225,162,56,18,15,15,58,4,4,7,74,246,82,17,27,57,8,87,215,20,17,48,142,0,20,142,93,143,1344,21,157,93,70,68,34,67,126,6,59,11,103,145,257,674,28,6,28,58,3,67,452,44,596,376,35,64,25,37,18,27,77,96,27,2,18,568,76,3,7,2,74,52,241,13,460,140,32,2,18,81,2,2,0,0,54,0,18,15,186,63,235,1040,20,6,1,0,7,87,140,100,12,84,24,0,16,70,25,25,0,11,3,0,13,0
541301,0,2,15,1,43,0,1101,252,0,16,0,1,0,848,96,0,1,2,2,139,0,85,252,1,7,1833,0,1,0,1,120,40,4,0,404,0,0,3,618,217,74,0,533,2306,149,57,968,1540,11,81,0,198,35,274,45,480,6,1,0,8,616,1,446,104,495,1,3,240,53,34,354,1,97,418,706,1,530,0,344,90,561,0,233,237,38,145,383,530,1169,449,46,0,67,2,448,419,1,1874,53,8,739,268,208,508,121,997,83,250,700,2,13,1980,0,1,16,92,243,15,299,110,0,89,7,110,1,1,0,407,140,1,592,697,1,0,86,1,503,1,7,0,0,444,334,1327,28,4,1,0,649,0,114,4,3,477,152,3,0,1,392,98,294,2,293,1,427,0,205,41,1871,4,0,1,88,154,762,1,1,13,159,109,728,94,548,2,304,0,318,7,0,357,3167,138,1,94,110,100,30,82,35,37,1378,101,234,107,0,0,4,2,1,1,57,0,1,1,20,79,583,311,0,1,74,1478,759,41,89,2,117,8,46,32,817,20,48,164,132,1,153,472,115,141,0,50,0,0,1339,2,1,0,125,18,2,86,139,0,52,0,1,36,18,0,0
353985,79,23,185,0,20,440,64,82,8,283,9,2493,147,208,257,682,111,1724,4,1,332,149,67,812,17,0,1,52,115,0,201,127,1,209,119,792,171,326,609,68,121,1,3,292,393,130,1186,1,39,1070,445,112,92,200,83,82,11,216,45,0,1,232,268,418,324,238,60,1,47,5,121,49,28,37,518,269,467,0,1,0,317,694,0,326,43,361,361,91,332,572,193,1163,1889,96,91,1,45,346,78,16,1,110,501,242,109,72,409,440,219,156,396,51,294,167,17,107,158,35,131,183,35,49,12,391,0,1,716,0,83,0,1176,473,1160,8,126,14,2317,63,36,0,3,1146,113,237,44,2,713,944,314,2,352,433,16,34,174,19,460,50,109,506,124,1,760,1,368,69,127,262,1281,0,0,141,322,166,377,438,0,1,42,474,280,10,537,0,213,88,383,704,491,213,0,29,58,0,21,48,105,0,14,5,127,36,715,0,142,0,52,246,3,0,49,219,2,1,3,52,1,1,0,35,33,1558,0,944,1,5,185,35,0,75,0,1,0,20,204,1,76,71,44,52,74,35,930,1,21,8,9,1,0,45,2,1,4,1,53,495,0,36,6,226,8
90487,571,187,871,0,25,7,178,1357,43,78,107,22710,1837,899,106,199,82,0,4,131,1096,41,5,1385,46,0,1593,54,127,2,108,474,2,7,222,14,0,0,122,180,560,1022,908,10,14,177,356,348,1,87,411,147,159,1301,57,488,0,8,3,12,198,87,143,22,179,102,239,40,144,6,316,6,46,53,135,4,126,510,78,344,86,248,2,1391,9,44,1212,7,89,476,45,49,73,36,98,253,4,650,57,0,213,206,132,201,149,123,59,358,1078,297,12,53,311,208,57,129,28,207,84,137,62,48,7,68,1,38,92,556,250,2,49,75,195,2,489,10,971,42,50,1,0,140,1333,1583,823,23,337,140,392,46,31,2213,4,18,40,3,2234,55,869,75,1237,14,234,635,679,236,195,563,1563,81,374,418,17,820,472,5,2,71,130,55,108,223,0,4,511,93,152,62,222,997,1,21,29,139,29,146,22,607,17,18,503,42,351,0,1240,64,0,1086,12,4,129,2,6,11,23,30,164,334,1,39,65,9848,171,155,27,1,43,11,7,10,173,0,10,84,66,1,62,298,2,102,1,112,146,0,2,2946,5,540,8,27,2,1,194,922,51,285,1,104,23,1,0
352304,0,9,38,0,0,137,89,142,324,1,0,0,76,25,5,0,0,15,88,165,1131,28,0,0,304,594,6,44,19,3,4,19,0,1,0,0,0,65,94,2,2,0,0,49,5,5,1,34,2,19,20,0,0,18,41,365,53,29,1,0,1,93,9,67,2,0,0,12,490,1,132,9,127,66,48,7,53,16,3,1,591,7,13,0,0,1,1,1,4,54,9,64,176,0,7,196,114,259,65,0,71,109,135,760,0,278,146,336,32,9,0,145,38,103,0,0,417,0,3,0,6,2,0,56,342,247,241,22,14,1323,235,1546,210,0,4,51,6,0,1,42,453,503,126,97,41,7,9,364,235,0,154,163,9,1,5,2,88,18,6,173,124,0,1141,0,155,9,1,0,0,27,0,0,0,1,102,86,149,14,40,64,20,1,0,1,83,43,0,2,21,2,501,7,18,0,0,1,42,371,0,10,28,4,559,0,10,18,3,0,1,3,0,0,3,0,2,0,7,312,1,3,55,0,83,9,7,242,4,4,5,0,15,0,0,6,8,4,0,27,1,4,89,2,0,0,9,56,1,0,0,21,56,0,0,127,92,0,0,1,1,0,0
191541,1,0,270,0,32,334,389,205,0,20,55,4,0,1,0,0,10,1,1115,1348,517,0,0,0,1345,2,1,133,350,152,43,0,19,3,74,8,69,44,314,77,83,7,108,30,133,379,132,250,6,335,0,4,58,1,41,57,4,0,11,55,90,245,506,159,1,435,12,100,36,42,18,349,1,703,26,543,362,100,18,1,27,6,419,2,12,0,283,385,98,99,244,122,69,43,46,434,25,202,347,4,40,617,330,321,57,51,205,118,198,154,62,0,137,558,0,125,453,104,473,0,165,8,1,322,462,751,164,0,702,689,54,153,845,671,0,700,806,134,881,0,461,78,20,1,643,2434,1,142,0,69,141,0,411,1,29,133,0,155,144,157,20,0,98,0,69,1,127,163,447,90,172,0,62,1,1150,1,1,244,36,335,172,96,123,1,17,360,88,115,153,65,379,42,172,1205,5,10,424,702,7,58,139,68,212,82,17,22,296,0,1,2,106,57,309,71,153,31,16,1,91,460,242,0,297,50,2,385,284,59,3,29,11,1,8,548,26,0,0,43,191,6,15,10,0,2,0,0,364,1,0,66,786,2,618,0,12,0,0,0,71,0,0
248140,4,4,169,0,1,10,3,11,11,158,9,6,287,91,7,337,0,1,8,915,13,19,3,190,54,149,0,4,2424,3,10,1375,0,0,10,1,0,490,221,119,3,1,675,5,104,165,211,938,43,216,2,252,0,14,83,13,40,260,5,7,7,211,423,5,2,76,35,476,48,67,19,1,67,10,183,8,565,127,65,270,619,1211,1,49,89,94,29,317,5,359,0,280,35,452,200,492,13,6,127,0,1328,326,525,1,272,15,196,131,50,8,58,682,425,22,86,366,208,892,320,46,11,107,0,164,9,0,4,29,1721,0,459,2,46,1733,3,40,15,11,9,42,2,7799,205,26,99,42,61,17,262,5,154,1130,0,533,222,60,1249,21,383,155,206,90,306,216,63,6,97,298,572,0,6,151,172,59,11,1153,2,43,132,113,943,15,92,2,381,3,8537,601,10,40,12,417,1030,268,37,86,264,9,210,8,146,60,39,4,460,17,0,11,42,59,111,2,1800,65,2,92,10,4,0,232,525,3901,1,428,0,2355,3,1487,3,36,10,0,1,48,123,2,9,665,0,2,1612,6,28,0,0,0,198,4,59,464,5,1,67,181,1257,44,1,1,92,1309,8
199487,0,0,26,0,0,68,121,1205,128,147,225,0,33,14,15,0,1,9,89,147,40,2,1,627,533,0,23,22,67,26,8,0,15,76,27,119,26,29,319,31,49,5,100,200,57,8,457,79,13,9,76,41,46,4,20,9,0,117,26,4,33,77,6,3,81,228,37,0,108,21,91,33,308,191,35,254,107,103,31,95,31,21,48,0,7,18,101,52,16,54,71,0,313,117,23,33,24,37,248,1,182,263,45,26,142,45,14,52,90,191,17,288,15,16,9,3,98,117,59,25,318,11,2,28,103,151,9,1,9,48,34,1,1271,80,43,443,99,14,408,14,91,7,22,92,79,278,165,22,573,36,77,14,104,39,19,21,32,47,57,71,11,82,40,3,142,3,67,11,468,17,174,14,103,32,28,785,23,43,15,12,64,54,37,21,25,205,47,23,65,13,761,111,31,16,33,6,41,513,1,145,44,293,86,36,110,0,8,33,5,943,20,2,27,29,15,26,18,75,21,11,3,180,59,9,24,317,39,1,6,0,16,26,1,11,17,18,0,28,386,40,16,17,0,7,9,1,52,1,1,44,797,1,141,0,6,0,0,9,4,0,7
195102,2,0,1,1,0,0,1,0,1,345,0,0,1,0,45,0,1,0,32,0,1,0,52,0,2,2,0,31,2,1,0,1,0,110,0,94,149,1132,475,121,1911,0,0,0,51,0,412,1877,409,232,1,36,450,1,130,43,68,0,645,0,32,753,771,1,5,201,61,23,34,43,1,82,0,73,4,1,0,70,472,0,124,0,3,288,677,137,38,0,104,0,903,1,246,38,430,5,61,3,1,0,0,339,0,37,1,33,66,341,1,0,1,0,280,127,0,2,24,1,165,4,5,1,0,22,0,1,10,0,2,0,176,2,1,0,0,0,186,351,34,0,0,0,222,0,0,202,662,27,0,0,914,452,54,4,0,1,346,97,0,0,288,0,0,0,0,2,70,0,13,8,1,0,106,0,247,1,0,1,0,110,259,50,0,1,0,0,30,9,124,0,0,35,120,139,1,0,2072,1,0,7,0,14,38,137,2,0,154,1,1,2,0,80,0,239,51,395,1,0,52,0,112,14,0,0,1,0,0,53,0,0,7,0,1,0,5,0,51,0,0,1345,0,82,0,26,0,0,0,0,0,10,1,0,0,0,1,0,0,0,108,0,0
119010,28,90,0,1056,189,0,2,0,1,0,1017,1,0,2,19,257,0,1,3,0,1,0,52,0,60,6,1,7,0,3,192,27,62,716,4,222,0,4,0,0,1,1,0,1,1,199,0,0,94,2,1,3,108,868,1,488,1,1438,1,3,1,26,2,23,1,26,15,0,1,0,49,1,900,10,13,1,0,3,0,3,2,496,0,42,1,709,1,380,9,0,20,1,1,1,104,1,1,112,5,297,24,0,1,0,101,0,0,0,0,0,0,3,13,50,121,42,0,0,1,1,304,0,1643,0,0,1,1,1,1,1,543,2,0,3,3,0,5,632,3,1,2,1,2,0,1,0,164,0,0,0,0,1,1,175,45,23,1,262,0,3,0,2,0,4,0,0,64,0,0,2,126,1,25,4,0,5,0,7,14,2,4,2,0,0,22,1,8,0,0,508,1,151,2,27,689,10,35,0,0,0,0,654,134,249,103,23,8,51,0,0,41,2,1,2,1,14,1278,2,473,399,6,178,920,307,1107,0,1025,1,608,16,51,5,15,14,1383,2,0,0,0,66,0,116,0,1234,42,3,14,513,0,1,539,3,44,2,22,0,0,1,245,0,47
590083,0,0,90,0,490,0,607,374,143,0,228,674,777,0,77,0,134,0,3,476,0,1,0,185,118,4,0,128,245,0,658,0,7,0,0,0,0,0,0,100,1,0,164,0,143,0,25,307,0,1,497,0,0,140,104,0,0,193,1,8,0,343,3,43,182,183,0,0,252,159,14,2,1,1654,62,346,4,186,172,0,1,0,0,154,73,0,0,126,1,156,9,94,749,283,0,15,20,357,98,0,178,4,30,365,0,31,228,0,2,0,23,1411,0,320,65,0,472,41,1,0,0,0,16,49,0,1,143,1,3,1,0,0,0,0,1,19,990,0,0,0,0,0,93,53,229,1,0,162,59,0,6,483,0,102,33,0,461,1,0,0,89,19,0,0,886,1,37,0,321,0,0,41,56,0,194,559,0,92,0,381,0,220,202,0,0,0,1,362,70,1,0,552,0,160,33,17,0,0,102,190,154,701,0,0,0,1,0,217,5,94,63,3,1,72,237,63,0,1,0,28,75,152,1012,231,0,2,0,1,0,0,0,12,0,12,24,91,49,0,0,25,49,21,66,1,0,0,1,0,774,208,0,1,0,558,25,0,1,0,83,80,7
190597,0,3080,11,2,1,211,549,377,578,40,21,4,36,420,3,0,0,0,161,3459,588,10,53,34,1218,2193,21,0,68,316,83,9,11,2079,19,2603,107,670,147,1176,77,15,183,382,19,22,19,495,0,28,155,39,7,173,4,903,20,1074,28,11,86,0,261,708,130,67,1,23,1339,5,354,300,255,35,74,7,245,488,1,209,810,3,1231,1,352,33,265,145,40,321,55,872,1359,784,4,1053,230,26,809,7,44,1011,442,2284,17,145,4,972,1257,195,69,41,82,687,307,1350,341,9,162,4,465,77,14,361,9,1984,808,399,138,2552,52,4056,5311,98,530,182,27,0,612,6671,5,290,188,720,692,171,792,1256,100,109,838,1,39,110,0,130,2,920,246,90,127,27,12,12,68,731,9,0,88,335,842,7,1,30,1011,493,139,695,50,3,1046,187,56,66,92,471,9,1,57,0,1083,89,125,6,43,94,52,176,0,1730,1,52,805,106,858,95,112,41,229,101,0,75,8,6,147,1,173,2041,1,1434,84,1,801,31,6,300,5,1,15,14,55,21,4,15,1,2,59,58,1633,59,76,5,1,2,2871,80,23,1,0,199,1,1054,94,395,51,0,30,1,64,30,1
302160,0,0,33,0,0,63,0,0,0,211,0,1,0,0,0,0,1,0,86,1,3,0,0,0,2,0,0,33,0,0,0,0,0,0,10,0,74,493,68,270,797,1,0,1151,28,0,227,94,17,6,47,9,317,0,206,170,62,39,261,7,120,262,144,44,27,228,50,12,169,187,6,313,89,363,14,34,709,40,0,0,695,30,918,11,105,70,107,133,0,0,153,342,817,0,52,74,0,0,97,0,1,166,55,163,133,328,40,411,0,268,0,56,75,300,6,0,129,119,328,4,8,0,1,198,0,2,0,0,22,562,168,0,0,0,0,82,61,373,37,0,0,1061,180,281,2,205,1,0,343,2,337,0,78,133,74,24,0,1,13,195,202,0,135,0,614,0,0,1,36,24,0,0,13,0,87,0,0,99,0,19,680,64,1,0,0,99,0,28,154,3,12,337,83,17,24,1,148,47,10,0,0,39,0,17,0,0,328,0,72,0,19,68,2,26,22,25,6,0,0,0,21,26,0,12,0,0,171,21,0,0,20,1,0,1,0,0,10,0,126,7,0,2,1,5,0,0,4,0,0,6,0,0,120,0,44,1,0,0,1,0,1
274244,0,8,253,0,2,0,0,1,0,1,0,0,0,102,0,0,31,0,0,0,163,0,114,0,12,0,0,10,0,1,1,342,0,41,1,70,287,0,109,92,92,0,463,818,65,125,577,258,2,97,0,39,172,0,72,0,3,0,0,12,56,113,440,0,203,0,46,29,48,0,259,0,5,0,152,116,599,743,0,76,9,0,1,373,319,46,546,163,257,0,37,126,74,59,531,918,0,1079,64,3,1,424,172,181,125,182,70,0,482,0,458,0,0,285,29,0,79,20,180,146,3,67,0,3,2,0,598,90,1610,4653,857,0,7,342,126,1,729,0,238,0,0,1,0,0,0,87,493,805,358,0,257,0,0,67,0,0,0,117,474,54,1,7,2,0,0,0,181,935,0,0,2,0,0,412,238,2,1,0,82,91,204,0,0,243,0,0,0,499,529,79,0,58,1,0,21,0,1,0,292,12,0,20,0,1,59,0,0,0,11,0,84,0,1,0,2,170,66,1,0,0,27,0,0,1,11,0,61,4,0,4,35,0,7,4,5,0,0,1,3,1,0,1,0,0,4,0,15,0,0,0,0,0,18,1692,31,0,0,0,183,0,0
9715,202,537,4,1275,210,2,24,0,5,2,500,1,2,0,107,877,0,3,1,0,1,34,1,0,19,1,3,5,0,2,263,31,283,676,170,212,0,11,2,3,0,4,2,2,1,305,0,2,1143,13,35,630,184,567,3,562,7,1322,2,5,49,645,10,601,0,15,33,8,2,0,75,0,3,5,81,0,1,41,0,3,0,500,0,56,8,773,0,63,4,0,36,0,1,4,150,2,0,103,306,1020,33,1,0,11,121,0,25,1,0,0,10,0,53,64,156,504,1,0,1,144,7,3,414,14,2,3,0,6,41,2,651,0,0,2,1,6,0,650,2,4,0,0,0,1,1,0,161,0,2,22,0,1,1,783,3,203,1,638,0,17,1,11,1,159,0,0,95,2,0,550,148,13,250,1,0,0,6,128,11,11,4,6,71,6,54,2,9,7,1,502,3,406,68,33,841,290,69,5,3,24,2,198,249,326,188,343,14,62,4,0,281,14,3,4,11,66,1531,11,3,547,6,153,1046,356,985,4,1022,5,803,9,774,365,31,26,1380,52,1,8,4,340,27,65,9,1594,70,8,20,2499,1,3,670,554,47,87,45,0,0,3,692,5,42
331820,162,5,1713,248,61,6711,16,789,371,24,708,490,15,4574,32,14,1121,9426,28,541,3059,539,269,2,89,18,10259,103,1324,12,10,6598,15,468,2188,1545,568,2,897,1901,3023,3,13,1872,705,212,9,15,181,1356,598,1846,313,965,1275,2091,30,1543,143,28,1932,774,4314,626,539,3517,573,1100,173,144,2061,10,2725,736,276,9997,1783,349,302,6396,2209,3834,3869,4288,587,2606,14,4312,1268,2434,11,4792,4009,14,3751,2907,2120,6583,1207,7,5,10,714,952,217,5886,761,1666,2517,292,27,4726,2632,23,1351,4446,1405,25,2941,1682,34,650,21,2479,28,510,6565,6385,4254,8,3667,1549,3936,1495,2424,471,3,939,14,4196,14,6752,3219,5407,17,7,13,9639,4290,46,539,7364,10,1036,1762,576,8387,3129,3230,8,3221,54,3085,778,1349,74,1309,722,7663,10,32,462,1315,973,1511,7777,4481,231,472,714,3222,1057,13,2,14,30,498,480,10000,1852,7638,130,247,729,96,582,216,1177,9,50,9913,65,4957,667,6700,328,97,2083,72,20,996,12,1373,30,33,760,1357,3846,7,5,3116,3,3,18,53,9574,634,338,27,79,371,39,122,165,26,35,106,3878,11,319,11431,168,5,7,19,7309,189,22,3722,716,6,215,8,3679,317,6648,54,3,116,1,12
190307,0,44,47,0,5,55,11,128,1,29,105,0,1,49,0,0,33,0,205,355,17,3,1,0,108,126,0,22,37,0,0,0,50,77,76,58,3,5,62,18,1,12,5,27,37,26,21,124,0,3,16,208,4,23,14,7,24,20,24,80,78,70,109,19,7,277,61,36,24,48,0,188,46,143,29,58,32,7,47,1,5,14,60,11,15,28,25,17,27,88,6,58,125,100,9,81,23,19,123,18,4,104,8,221,36,88,4,140,354,176,0,267,43,18,0,3,10,296,128,41,1643,31,49,115,1,3,95,162,15,2,9,106,27,52,538,133,70,1,616,28,0,52,10,96,50,443,39,127,462,383,17,18,63,56,8,93,20,33,241,9,6,0,57,5,85,980,137,11,75,56,6,17,5,1,2,19,12,76,142,0,304,73,29,0,7,531,144,61,83,10,168,78,76,15,76,105,6,985,50,118,29,31,51,11,36,3,67,38,76,1253,13,17,57,17,4,93,23,1,1,4,28,0,235,69,0,0,16,2,12,0,7,108,1,24,9,0,18,22,1011,45,23,0,0,4,21,3,185,0,27,10,0,0,44,29,4,960,89,34,0,0,2
188236,1,291,991,2,124,24,197,599,477,228,107,3,146,5589,28,336,51,269,637,303,1148,66,29,71,1131,906,334,91,661,90,63,233,13,150,298,177,660,745,791,533,711,22,1456,1895,88,17,1820,3378,67,100,43,195,743,81,44,1038,17,1181,184,60,2845,1134,1371,85,673,304,25,625,710,40,307,1354,3912,2748,205,1065,693,530,1873,5291,1287,57,4789,25,375,73,607,929,1251,3706,289,4736,1306,175,109,2642,382,1001,771,1,84,917,1160,1720,132,350,175,1571,269,243,20,7309,381,105,35,251,1104,5233,1185,1319,187,112,4,671,646,4765,315,1694,993,1192,180,4726,1945,885,65,506,438,126,1692,577,798,1183,466,1023,2895,51,4241,381,368,20,471,3760,5951,612,238,145,3437,3023,259,388,383,13,714,5,1097,7095,362,109,1027,295,117,456,489,266,362,1044,72,151,235,156,233,374,25,3,132,1936,376,328,209,333,710,354,191,62,165,68,270,1957,1,213,1876,955,1871,69,75,15,1345,27,31,6,66,241,413,49,87,64,194,2426,10,193,27,1,895,8,652,260,132,23,68,53,202,18,39,45,26,295,33,344,861,209,0,7,9,58,75,2854,107,3,2501,368,3,4,498,465,55,3250,2232,19,9,138,1
268332,18,15,144,1,5,116,40,45,14,33,9,121,304,235,43,28,18,167,0,14,47,8,3,1,21,0,510,8,290,0,10,267,0,3,82,7,0,1,22,107,25,18,164,134,16,84,25,64,0,15,67,169,3,175,120,106,2,25,0,0,14,36,125,16,8,41,27,97,130,5,323,2,7,7,56,213,30,241,17,109,113,206,123,495,7,35,153,91,15,47,12,34,68,52,106,95,29,192,87,0,113,53,23,65,12,43,23,32,64,21,76,95,86,114,38,73,18,23,124,29,2,4,0,20,20,1,137,105,393,0,162,17,28,237,11,12,59,1,8,70,43,884,50,149,84,0,31,194,68,8,22,195,1,96,28,10,238,149,171,9,95,13,132,55,59,1,68,114,258,16,122,37,22,337,193,199,96,1,6,12,141,257,13,0,213,3,54,24,82,185,21,18,27,285,8,21,16,44,16,1,175,7,60,8,364,21,4,189,2,0,70,1,99,1,1,1,30,43,10,0,28,1,95,2,1,305,78,30,2,2,16,0,2,2,2,0,2,81,0,3,319,16,30,0,0,437,15,6,142,31,4,0,24,360,83,48,2,9,5,127,0
127309,56,0,388,0,0,0,0,1,0,48,0,3,1069,457,264,1,4,0,4,27,0,1,90,0,11,1,0,139,520,5,0,654,0,6,0,2,1,871,3,108,1733,261,2,1,2472,232,29,0,23,1417,154,1,358,559,111,507,0,67,2,1,0,33,798,9,438,5,41,25,0,1,2,0,15,19,833,58,463,3,9,1796,30,16,0,36,737,0,1937,0,2,2,1,1,790,281,0,3,0,127,1,2,0,3,0,0,245,593,19,13,790,220,0,110,480,0,7,27,8,106,2,2,276,53,1,0,1,1,5,542,3,0,346,0,83,0,1,2,0,131,801,0,4,27,1228,1080,1,2,1,0,373,2,40,413,0,1,0,2,350,0,1,698,1191,0,0,0,1233,1,65,0,35,228,0,398,5,121,163,2,5,1,54,10,2,446,2328,0,0,34,182,370,311,1,2,5,1,0,6,5,19,187,4,3,0,9,1,0,0,58,0,0,7,0,782,0,1,47,22,91,1,0,0,46,239,0,357,32,1,1445,16,1,2,6,0,1,2,77,108,0,3,160,40,42,695,63,0,2,0,0,6,1,2,135,2,0,13,313,0,487,1,0,0,198,0
71543,191,346,3,5495,652,2,5,2,3,4,19268,3,4,2,50,951,1,9,26,1,5,5,27,1,949,121,1,32,3,8,739,115,306,3867,9,787,0,36,1,8,7,6,7,0,4,731,3,0,759,3,5,16,343,16417,1,3489,6,19854,1,6,18,93,19,14,3,128,63,3,23,1,175,2,24019,283,277,4,4,9,1,197,0,4987,4,153,0,2173,4,10798,103,1,92,43,5,28,357,5,1,360,11,1402,80,1,7,1,348,6,13,1,3,1,7,105,17,143,658,148,5,3,17,5,6626,1,17548,19,2,2,5,19,22,2,2164,9,1,5,12,8,150,3390,12,2,4,4,26,5,2,1,681,5,18,4,10,19,11,1285,678,101,5,1045,3,3,20,5,3,6,5,3,322,2,1,19,592,7,250,7,2,153,2,30,165,4,22,8,6,3,376,5,135,4,1,5205,6,1993,7,83,2832,36,208,4,2,3,7,14364,1070,754,454,75,33,185,5,22,298,7,4,2,1,18,10012,2,13945,1564,65,678,6556,981,6885,35,4211,12,1819,54,354,3,133,75,7593,17,3,9,21,185,6,549,6,8714,211,25,50,1665,3,1,3002,4,92,9,96,1,3,2,847,2,112
311477,0,1,15,1,107,269,218,0,238,14,51,0,0,0,0,0,28,1,2833,638,2,0,0,0,1016,1,0,36,487,465,9,0,0,6,67,0,46,917,117,287,16,8,220,137,33,189,1425,661,0,224,170,7,77,33,67,206,61,387,29,35,282,144,437,1,808,89,224,0,2,13,2,41,197,255,21,13,102,101,275,0,35,8,437,50,575,40,7,0,464,209,29,64,185,0,32,459,198,0,29,0,26,769,680,534,242,209,14,231,258,72,8,0,0,140,0,1,200,222,137,47,1,178,4,1018,35,0,31,1,72,338,30,476,52,437,1398,115,779,59,3163,178,36,249,268,0,0,4562,1752,17,480,148,14,384,180,0,13,735,139,573,375,10,161,11,22,0,135,1031,33,7,126,1,1,48,370,201,122,69,143,346,2,18,1252,349,0,402,17,1282,550,32,1391,1,305,3,183,5,7,133,109,184,0,491,75,4,28,69,15,19,59,84,365,3,5,23,25,71,583,112,36,754,20,1216,39,0,504,0,9,2,28,1,41,0,41,1,8,261,25,0,26,54,2186,199,52,28,0,1,0,0,65,0,3,25,0,1,284,0,30,0,0,9,213,0,0
312461,0,21,0,0,100,151,16,64,25,0,31,0,8,27,0,6,10,6,1,3,0,1,0,28,265,6,0,101,24,3,0,0,24,0,21,3,0,31,70,1,175,45,0,39,5,4,225,0,0,28,0,24,55,6,30,0,29,88,2,20,51,133,82,6,3,2,382,24,350,0,12,70,185,156,2,89,34,22,5,183,1,10,60,5,0,0,15,0,129,0,23,30,1,27,88,186,2,1,0,10,0,69,4,2,28,41,3,61,11,41,3,374,2,21,7,5,94,200,241,141,518,22,10,90,0,81,119,135,14,76,2,46,47,157,188,249,19,1,408,1,1,23,79,9,7,133,3,164,842,2,0,29,130,11,61,47,10,10,787,0,79,15,87,0,939,52,12,252,361,14,39,23,186,0,106,7,20,6,0,5,563,1,35,24,32,927,1578,47,10,32,154,1,64,0,70,138,1,1,3,1251,13,17,117,4,10,7,53,29,27,1564,9,17,40,1,134,40,94,13,1,0,0,0,0,0,36,0,30,13,49,5,2,0,11,750,108,1,3,107,102,226,2,49,0,272,0,75,565,3,0,2,56,121,75,0,0,77,160,112,16,3,23
181095,506,0,2,1,80,64,0,181,24,1246,1,76,429,98,19,1,569,1,2,0,1252,7,44,1,78,83,0,2,507,2,87,2,0,143,8,223,143,1619,218,94,766,58,228,0,175,417,322,295,9,298,10,1,427,1,4,359,3,71,1,4,466,29,588,42,33,78,4,9,5,0,0,3,4,3,0,259,47,441,470,41,24,2,1,334,13,0,1464,300,31,12,202,103,85,98,14,74,498,530,91,0,16,144,0,31,103,0,4,42,0,0,72,0,434,110,11,13,27,54,2,22,181,0,18,36,2,5,47,1,21,0,208,69,15,55,0,1,106,24,297,0,0,373,167,517,155,11,4094,68,346,7,4,1,0,2,0,2,1,51,85,101,157,3,57,1,13,3,104,167,11,189,2,6,10,1,636,0,0,2,0,6,447,0,0,0,67,185,3,503,35,2,1,2,261,260,2,52,3,4,2,7,311,0,1,85,1,7,0,0,7,1,5,1,179,17,0,58,186,1,0,0,88,228,266,19,17,419,102,0,0,3,150,0,23,28,4,1,159,1043,0,33,0,0,2,0,0,3,3,3,0,23,2,1,15,922,18,1,1,1,7,30,6
158660,245,4228,5,0,22,401,375,328,111,99,131,69,454,404,259,2969,51,2,8,586,455,87,97,503,342,2397,2,14,152,5,93,1471,18,257,92,642,121,637,2128,95,71,2,1519,191,661,67,212,1443,10,623,335,382,16,154,11,588,1,369,57,38,285,98,699,193,235,772,538,593,1172,26,2537,3,81,133,1593,2214,1016,314,188,7020,153,881,658,23,30,122,362,450,1815,153,146,547,1098,68,177,1149,210,1776,389,10,0,1016,372,228,289,706,468,319,764,623,204,1604,1068,911,217,885,346,1040,110,1069,213,156,3,151,4939,16,1915,1250,816,1,747,355,1433,352,2549,44,520,265,342,257,5460,1628,452,1328,1269,29,716,2643,102,36,69,3939,9,208,281,110,3921,18,2097,78,457,1,466,296,304,1405,172,1011,1462,120,742,108,69,1377,360,1726,13,228,197,243,268,250,1330,1,416,998,1224,27,1170,620,1781,338,195,95,16,597,50,192,95,56,2521,100,773,64,1035,182,33,2215,11,3,61,5,873,26,29,58,446,1734,256,128,74,6724,103,236,407,862,127,2,20,2,599,97,24,146,209,7,152,716,272,174,2,56,235,1,542,1,61,336,2492,1977,3,2,118,1249,256,3716,1,12,159,0,2
363302,0,0,22,1,38,122,54,160,0,69,0,0,0,109,5,2,12,20,299,161,28,10,47,283,472,145,0,11,95,80,37,0,0,546,50,685,13,107,212,76,37,4,61,43,15,44,308,83,2,25,72,42,2,1,56,19,10,98,9,28,44,20,32,79,34,11,18,2,41,27,62,193,377,233,161,80,64,53,76,0,65,24,28,2,15,9,109,0,8,265,0,100,87,133,48,67,14,54,176,10,15,299,47,123,63,16,5,5,285,196,11,553,5,46,30,26,5,748,45,12,2119,22,6,9,0,49,86,171,59,40,18,19,249,73,385,897,23,42,278,0,0,36,35,39,150,113,7,115,441,249,30,0,199,47,11,45,0,131,117,84,24,29,103,3,138,474,18,0,176,18,56,29,155,27,10,310,43,25,30,9,195,27,14,1,3,817,39,2,96,8,188,47,24,20,15,49,27,218,27,61,5,22,202,10,33,8,61,27,77,1633,6,14,22,14,31,22,8,330,6,210,19,0,0,9,0,0,28,0,10,1,13,46,0,8,45,2964,13,87,1521,28,15,37,1,21,93,24,90,1,1,68,2,0,18,223,26,0,407,8,22,21,3
73352,59,0,2,2,3,2,1,1,1672,2,481,0,517,1,129,0,18074,2,1,1,2,0,0,0,3,0,2,0,2,4,5558,6583,7596,960,4394,49,3054,1,1052,0,0,2,2316,2,1446,2173,0,4,1,2,6566,1,1,3,0,3607,9495,0,3,823,253,11,0,67,1,2359,0,38,1,24316,45,0,1,1,835,2,5,2,1,1,3,97,1,2,250,47,1,7268,0,0,0,0,1,0,1,3,3678,1,2244,602,637,3,1,0,789,0,3,0,2,2,2443,2,59,1,2,2,3,4,1,0,3,0,5,534,0,1,1,1,4,1,2,2,3,2,647,1,1,3,1,0,0,1,3,1,2,2,0,1,0,0,4,2,0,1187,2,1,1,0,0,2508,0,3,1,0,3,1,9273,0,4,0,1,0,3,1,1,57,1,74,399,2,3,0,2997,1,591,1,4,1,8,0,1,1,0,0,0,0,0,1,4412,2071,2,35,4585,0,1,422,40,1,5,1,2376,1,2,1,1,3,6241,3,373,5,24,0,1,3,1,2,1040,1,40,34,1279,6,1448,1,2,2,0,1,8,2,5,2,2,0,1,0,1,3,0,0,412,0,1,199,2,2,2,6,3,271,4
190464,151,70,244,2,59,84,54,1541,186,277,350,1,18,71,0,0,21,364,313,222,152,8,53,0,1499,202,64,5,305,65,26,111,18,976,134,788,15,66,309,19,56,7,3,141,69,113,145,135,6,43,313,200,33,2,98,24,18,91,325,6,90,134,72,30,42,334,12,44,108,50,81,355,204,165,74,114,82,34,62,103,22,70,54,22,7,11,78,79,42,256,27,10,119,134,44,66,9,86,116,4,115,118,74,177,190,116,4,90,313,121,10,83,115,45,10,10,25,297,10,16,511,9,155,28,295,91,352,723,13,86,22,44,736,92,2331,22,129,45,359,44,271,34,37,59,90,17,204,378,662,308,124,50,195,251,20,35,23,110,311,63,29,83,6,6,77,506,275,4,97,85,196,78,3,0,17,624,8,65,33,4,94,8,51,1,30,645,37,27,136,19,90,337,67,7,407,23,11,1079,14,426,20,209,92,87,27,22,103,158,123,1441,67,14,66,22,41,80,12,459,23,186,18,423,105,76,8,404,15,0,37,2,9,4,4,73,13,1080,55,56,2507,13,12,4,2,25,90,0,67,0,887,7,1,94,78,242,7,0,63,64,13,6,3
307981,9665,11665,20445,18417,21396,9144,17838,24,18769,17241,2120,25,26366,32,18801,23454,1007,43,163,81,59,16174,22,21,113,56,10842,23024,20289,27857,27861,16225,13962,23814,19767,21122,7,7464,4936,13770,78,22084,10928,38,19491,19330,45,61,11942,39409,16377,18879,9468,1860,12761,7175,10529,6552,4902,38934,291,16857,3789,10621,4395,6407,26000,9965,39,19,14308,48,73,218,24107,269,15522,23229,119,37,54,3702,40,16208,9162,27464,49,370,95,57,14002,27,63,84,13471,76,6828,19070,14246,15589,15626,131,1396,565,23560,71,21853,37,1424,35,12037,40,15411,19009,28810,17594,146,47,218,4243,116,1797,1224,9170,137,29,302,39,2369,6926,15392,23,52,11149,43,3533,27,22453,165,21287,60,346,55,68,90,28,6541,588,67,31969,270,49,55,9647,56,31848,64,19531,35,25158,62,30522,68,23837,203,135,18990,11260,64,7287,9060,27714,7542,7305,409,65,22899,25172,1788,17476,7153,15311,12163,21689,214,197,283,28631,75,4503,67,3569,21431,2967,17089,24811,23507,11760,22616,33098,47,871,11543,29991,12572,27117,18759,15339,24179,97,8277,35751,21694,31963,38879,27341,13556,24711,77,28801,7050,4598,14477,23428,28947,111,26200,789,22102,2274,5615,39961,6259,33666,26202,7230,22582,18260,41,35062,16395,2008,28862,15315,30258,263,36031,22453,26,26047,16250,33101,27167,16934,33042,27,36,15517,26191,21852,34703
288134,11,204,51,0,45,186,38,192,193,45,39,1,99,0,5,0,4,101,566,760,44,18,30,1,1008,560,11,0,215,201,13,0,8,453,68,511,28,171,241,36,170,20,28,52,83,59,257,271,10,35,393,34,36,0,101,74,0,0,72,5,32,87,92,22,103,282,12,3,261,14,41,47,241,714,32,87,75,29,120,161,498,89,169,16,38,3,228,41,45,435,185,272,204,131,115,76,16,99,25,3,33,290,91,30,39,37,57,38,110,135,16,878,44,41,20,114,14,1103,51,25,2375,38,13,28,407,431,66,187,26,151,47,205,347,52,729,911,3,169,521,9,284,23,186,15,256,59,24,71,303,73,66,18,159,1,51,64,14,148,170,229,182,0,95,44,233,408,55,0,659,49,16,3,120,78,71,77,39,70,107,53,24,36,36,3,5,554,57,33,420,47,45,52,47,11,36,46,17,172,0,192,28,30,523,66,101,7,44,26,21,36,0,4,19,3,56,30,19,314,6,170,18,2,579,99,17,0,69,1,73,4,5,4,2,17,32,547,11,126,293,24,17,24,1,2,1,38,2,1,1,17,267,123,20,125,10,1,51,43,27,38,0
322235,101,1279,1721,1,121,1725,996,344,397,529,211,6,1173,3503,317,1416,30,5,11,124,2104,40,2089,2759,483,3856,4,244,1086,54,180,960,1,89,80,293,170,8,393,786,709,2,5035,2371,341,1012,378,2438,174,1284,1185,1352,147,197,570,1761,0,518,15,12,1323,652,2095,349,496,1082,178,1011,657,43,3922,3,82,315,325,1913,7060,1619,151,2141,1183,1462,267,387,232,110,398,1733,575,984,181,1369,442,484,83,1752,420,327,2032,6,920,3469,258,604,379,828,387,729,4408,3,111,1713,3922,451,76,446,256,215,401,1366,230,259,23,198,6,154,649,1945,428,3,1017,4,573,157,788,96,1958,2,907,1671,3,532,3442,2489,2151,26,5655,863,1649,396,13,11341,8,104,161,55,9949,1133,4864,357,3388,3,2991,1,840,2552,250,6190,8515,373,392,162,264,3008,41,2657,2,197,542,582,272,852,1,1,710,393,618,4595,1558,1755,1414,316,463,117,297,212,44,1878,2,165,1529,181,224,121,452,23,11,1927,63,6,1062,3,458,18,47,814,1522,1721,2,136,196,3191,605,93,32,10,1552,9,91,23,603,7,121,103,71,7,360,2346,399,198,2,63,38,1,1,2961,53,631,1408,111,8,4,121,6,493,2635,1,37,108,1,5
278234,0,762,451,3,1,399,0,1,1,223,61,0,0,0,1,1,91,148,1,20,1,2,0,0,1,58,0,0,0,13,998,1,1794,1,18,1,463,275,3174,4,3,2869,1,1,50,1,0,332,5,147,806,4,1,2,175,13,287,2,0,1,0,3,244,0,0,97,5878,0,5,6,173,1,1,2,0,3,1981,727,2,0,2,0,96,0,0,940,1,0,15,0,35,118,4,1,142,29,224,0,1,1,0,163,85,24,311,1151,2,15,176,0,563,0,0,229,0,0,0,2740,0,1,1,0,14,1,0,6,1,1,0,1,169,1,1,1,0,0,980,427,17,1,0,12,228,16353,1,0,4,1,242,1,506,0,1,0,2,0,1,0,6715,0,188,5782,1,7,115,12117,1,1,0,1,3,0,1,0,1,0,0,1,27,1,89,0,0,8,0,22,2,1,1,133,2,2,2,1,0,506,0,1345,0,981,0,1,2,16,0,1,2,0,34,6,0,0,0,6,4,1061,0,0,277,29,1,0,1,227,0,0,1611,1566,15,2,0,0,0,2,0,0,647,1,0,3,0,1,7567,1,1,1,0,0,1,1,3,1,0,0,2,0,0,124,0,2,14
469709,4,1813,93,4,4,309,6842,18,24,294,19,6,3786,468,2393,1131,4,38,5,6,124,8,359,4,2538,1,58,347,1845,0,283,216,2,8,22,49,11,5,40,65,575,138,3816,944,93,2678,1517,4631,9,131,1452,100,68,52,397,229,8,60,5,21,90,235,3987,125,30,141,10,1300,4378,3,15920,8,23,24,1324,338,652,6074,808,918,119,1399,64,311,176,23,7346,680,1710,50,2392,168,454,1483,21,2062,104,2748,1001,5,2168,2582,17,38,13,899,159,715,322,379,696,1574,449,3619,14,111,11,581,60,556,73,12,4,268,15472,9,71,309,56,3,5076,4,92,25,58,8,1603,24,1645,240,17068,442,223,417,2302,48,3802,136,517,160,22,779,2,1224,329,22,802,145,377,525,240,40,146,7,629,22,442,1428,844,2989,17851,244,21,4432,191,445,7,2,274,165,51,2097,3144,4,3983,732,25,106,1222,4678,215,118,13,8,138,746,6,173,327,94,276,107,171,18,140,9,12,4644,4,8,2282,10,37,2,8,93,137,185,822,5,423,15,2006,6,3,196,79,7,5,3,45,1,6,14,3,1,3,262,3,12,153,3,265,1,4,414,2,205,156,214,9,6,246,747,413,586,8475,150,36,1237,1
130663,516,2,1,0,132,771,88,37,1,0,90,0,47,0,42,0,15,525,0,0,206,31,172,0,1,1633,3,26,1950,1,316,0,0,2,578,1,13,968,1,0,2,0,479,1877,194,103,0,1,2,8,26,37,0,3705,2,449,0,3,1,3,86,2,1,38,48,18,104,334,0,1,4,1,4,1,2,1379,57,560,68,569,2,52,0,3953,1,7,121,140,4,1,15,21,821,104,1,78,32,439,2,1,0,718,1,1,0,25,1,6,240,0,0,104,75,45,29,0,0,1,11,47,44,0,0,2,1,8,1202,189,4399,1,353,4,0,2294,41,31,1,0,6,680,1,0,359,1,472,1,252,1708,454,1,1,43,1,0,272,9,94,0,2,7,358,447,2,1,12,0,26,1,214,44,34,1,0,45,6050,50,467,1,57,2,2,0,0,2844,0,225,1,147,115,205,2,2,0,16374,2,0,1,283,9,2,246,0,1,34,14,2,1,303,1,1,0,1,50,0,0,4,167,0,169,173,2782,2,1,305,82,0,1,0,0,0,110,0,6,7,1,2,0,16,27,2,1,985,687,1,0,653,5,0,1696,121,9415,0,17,3924,1,1,2,151,4,35,0
223059,3,1071,0,2,2,1,225,107,124,22,73,0,1,1,1,1,0,0,136,0,182,1,45,406,0,921,0,232,1144,424,0,157,30,1316,2,1698,38,80,399,160,330,3,1,1,24,233,4144,508,7,121,1,0,202,0,0,234,2,1,7,33,206,1,0,124,160,137,1,273,135,0,0,337,1,992,1,1,129,2,10,573,3,0,332,59,84,41,0,90,1601,16,0,251,167,163,62,1471,0,0,0,19,1,491,0,287,0,0,277,114,5,20,35,1,0,9,244,0,174,369,955,0,5,63,136,294,0,0,168,0,0,91,0,196,0,41,0,8,0,95,712,861,1,3,0,1,577,0,1,245,75,270,0,167,310,0,0,225,79,1,3,2,0,21,0,0,184,0,24,0,0,289,1,0,1676,1,534,0,0,2,68,155,1012,81,0,455,0,0,2231,236,621,0,688,0,256,0,0,325,2,507,2,19,172,0,0,69,2851,1,182,3,156,227,1,88,148,29,521,8,79,0,44,1,10,1,0,0,82,189,501,1,0,1,30,13,10,0,2,2460,28,0,1,437,0,251,0,106,0,262,0,0,0,310,1,196,123,0,77,1,0,1407,2765,0,0
516022,1,8,140,0,199,196,0,496,433,60,1,1,1,0,0,0,0,1,2,2411,314,13,0,0,3305,0,51,37,0,469,110,178,8,465,94,386,1,98,1658,81,109,6,216,111,132,171,43,1,24,31,140,24,75,4,171,22,7,124,0,125,301,55,44,45,64,144,35,60,587,36,237,12,221,354,152,516,324,91,166,3,42,6,265,14,55,9,193,68,41,652,14,48,187,119,25,152,32,135,243,17,180,208,50,169,74,141,40,1,93,22,36,769,77,21,76,50,50,568,99,16,4425,16,102,9,458,240,287,695,27,221,180,1,965,70,1471,1399,3,160,393,0,414,123,33,521,166,2,1,281,523,60,102,31,335,145,5,50,58,39,130,297,34,129,1,72,14,349,272,12,263,2,531,191,93,0,3,533,0,1,51,33,212,40,19,0,15,244,58,118,82,218,57,226,21,56,583,41,178,1,5,237,73,171,646,17,29,20,11,103,123,1389,6,3,8,22,67,42,59,1563,1,69,17,0,1,55,149,0,93,1,7,25,54,60,18,156,124,1,6,145,574,0,1,72,58,0,0,1,9,1,1,0,0,3,65,1,74,0,1,70,8,0,1
259569,52,30,269,0,0,2,222,1,59,296,0,0,0,154,292,93,537,0,3,119,659,50,238,776,605,1,0,53,446,2,4,0,1,2,0,0,79,648,1,38,630,0,742,1150,249,250,591,580,385,93,0,245,387,870,162,171,5,1,1,4,345,603,878,14,225,702,134,194,172,8,850,0,48,0,12,1691,353,0,431,180,601,0,1274,13,601,46,1453,401,207,114,1,208,820,194,483,679,389,770,236,9,55,413,274,258,142,418,55,329,9,0,83,229,251,152,24,3,228,160,264,34,2,29,10,244,0,3,429,190,1466,2,660,34,0,51,0,11,157,0,211,0,0,915,426,369,1170,47,0,665,1107,59,19,1624,2,8,1,65,1495,73,428,59,363,2,598,0,29,2,163,1560,99,130,1,1,0,648,107,0,76,0,228,85,434,305,0,157,270,0,68,509,314,106,301,267,137,2,113,127,0,46,73,39,1125,31,267,174,83,2,45,1,53,1,118,0,168,38,0,109,290,2,1,0,7,351,578,48,26,3,29,1,0,0,191,1,38,130,19,8,49,1060,1,55,1,30,0,0,0,1,1,19,0,87,0,1,59,1,27,0,0,1,513,2,68
361496,1,0,1525,1,1,482,1,100,119,150,224,1,0,158,1,1,57,1,6,1162,1,0,1,4044,178,5,2,0,0,7,0,0,0,1,43,0,1,0,0,105,0,0,1002,1,1,0,228,3,3,2,344,266,0,0,0,0,5,1,0,6,909,365,1,2,1,1,49,0,276,12,0,0,0,2,1,0,7,88,463,2,1840,1,0,1,2,7,549,0,0,156,147,0,19,3,746,1,178,1,67,0,0,1,101,2,1,1,217,1,941,0,0,362,306,54,0,1,63,29,47,0,1,167,11,1127,2,0,1,123,379,1,0,245,1,114,185,1,298,271,375,1417,0,2,2000,0,1,36,3,0,0,0,24,1,0,242,229,1,1,339,118,483,1929,0,1048,40,857,17,2,180,3,1,2,92,109,3078,1,520,1,7,118,81,39,223,320,0,202,0,2,0,0,33,4369,149,1,1,51,168,1,0,244,1,1,60,1160,0,2,0,0,0,1,0,539,2,181,47,1,225,453,0,0,0,4,1,1,6,32,0,19,9,0,0,322,4,60,22,0,7,346,0,0,33,0,0,202,1,2,0,1,0,288,0,1,0,2,1796,2,0,1,0,0,2,0
184983,0,83,48,2,84,105,59,643,83,9,23,0,3,783,5,734,11,130,134,546,225,12,180,13,2123,584,46,22,462,314,20,57,58,273,56,286,5,36,1840,36,182,11,35,56,102,8,1133,776,1,14,400,5,75,36,144,10,10,33,56,10,90,53,67,53,22,66,59,8,133,117,146,611,269,945,7,472,110,2,161,878,28,2,261,11,59,86,285,1,121,449,21,125,123,111,128,120,40,114,20,4,39,168,67,55,156,301,31,56,431,405,0,1728,214,75,22,28,56,1525,113,6,764,21,44,33,326,378,75,938,10,401,29,717,1415,143,3279,889,409,75,1012,213,327,51,50,754,197,1007,242,135,825,32,106,75,503,51,48,96,102,219,774,133,34,22,97,28,651,1679,120,95,468,49,210,65,14,223,64,973,13,24,36,39,199,15,111,0,19,415,148,174,295,79,465,66,56,4,170,7,29,509,244,653,116,40,214,56,11,21,186,80,48,1920,0,46,55,27,73,15,10,128,34,107,4,0,396,56,21,286,43,0,6,3,3,147,0,18,116,1155,3,33,344,103,0,19,1,33,209,338,118,77,335,56,71,168,149,85,22,1694,347,11,58,7,0
364563,0,0,303,1,87,1222,145,172,163,238,19,0,10,103,0,2,30,1,680,254,4785,1,3,119,257,1,13,15,100,7,46,5,0,22,93,26,104,2022,1213,403,707,8,140,2165,492,162,1326,792,17,282,17,61,1610,105,168,472,19,6,1002,12,1273,288,382,61,175,1309,123,205,4513,442,154,377,3568,4929,66,873,619,772,2627,628,1000,641,2844,1,492,12,612,339,112,89,603,1431,614,123,271,4447,16,7,414,0,239,1576,3558,1864,231,531,168,1737,743,176,8,107,177,225,43,260,1170,2917,950,310,1,33,1,996,44,1813,1069,59,344,2528,140,872,219,719,1695,1542,3009,135,982,202,68,1622,863,199,33,628,61,1531,823,8,338,25,2931,318,306,27,22,755,315,473,765,1,1570,0,3037,933,111,72,804,102,609,13,28,8,49,868,176,10,258,117,347,298,116,0,60,2195,385,19,1503,631,331,99,57,0,28,144,389,71,10,122,2791,540,3362,83,54,72,386,2343,26,17,22,79,726,33,124,32,191,614,0,0,25,1,425,146,126,5620,136,17,7,18,101,9,4,55,18,1,9,233,423,65,0,7,3,82,1,3,197,3,2,128,0,2,3,240,757,3,104,14,4,0,0
301645,264,344,478,480,507,200,411,6,419,455,49,3,576,6,417,519,18,3,6,2,5,402,0,4,8,4,263,558,463,667,690,435,327,710,483,481,1,160,150,364,12,561,271,6,455,483,3,6,289,1028,415,727,246,58,285,147,291,122,128,889,7,406,97,235,101,136,628,259,5,3,357,2,3,3,655,11,417,631,6,5,4,77,4,397,254,708,5,4,1,3,328,2,8,5,327,11,136,531,341,363,333,4,34,21,544,5,548,12,42,5,268,2,369,465,703,440,11,2,12,116,9,53,36,220,8,2,12,3,50,166,2700,0,3,285,3,116,7,555,9,478,7,22,1,6,4,1,163,29,5,846,9,3,5,231,14,849,5,461,3,645,3,713,8,612,4,5,504,284,9,177,227,665,191,210,14,6,567,649,48,445,208,278,249,530,10,9,11,727,2,107,9,104,512,66,365,581,583,300,536,819,11,29,292,653,302,617,437,371,651,5,206,914,549,812,1029,617,344,612,6,727,202,138,344,635,811,8,659,29,499,68,145,919,170,884,661,209,541,468,5,799,356,67,650,430,692,10,814,527,8,561,418,783,635,394,826,6,2,366,635,524,856
